{
  "client": {
    "chatAnnouncements": true,
    "textToSpeechAnnouncements": true,
    "hideTranslucentParts": false,
    "languageDisplay": "NORMAL",
    "vehicleOscillationMultiplier": 1.0,
    "dynamicTextureResolution": 2,
    "defaultRail3D": true,
    "useMTRFont": false,
    "disableShadowsForShaders": false,
    "preloadResourcePattern": "",
    "betaWarningVersion": ""
  },
  "server": {
    "webserverPort": 8888,
    "useThreadedSimulation": false,
    "useThreadedFileLoading": false,
    "forceShutDownStrayThreads": false
  }
}