{
  "components": [
    {
      "cachedName": "LWJGL 3",
      "cachedVersion": "3.3.1",
      "cachedVolatile": true,
      "dependencyOnly": true,
      "uid": "org.lwjgl3",
      "version": "3.3.1"
    },
    {
      "cachedName": "Minecraft",
      "cachedRequires": [
        {
          "equals": "3.3.1",
          "suggests": "3.3.1",
          "uid": "org.lwjgl3"
        }
      ],
      "cachedVersion": "1.19.4",
      "important": true,
      "uid": "net.minecraft",
      "version": "1.19.4"
    },
    {
      "cachedName": "Forge",
      "cachedRequires": [
        {
          "equals": "1.19.4",
          "uid": "net.minecraft"
        }
      ],
      "cachedVersion": "45.4.0",
      "uid": "net.minecraftforge",
      "version": "45.4.0"
    }
  ],
  "formatVersion": 1
}